USE `DLS`;


INSERT INTO `USER` (`user_id`, `first_name`, `last_name`, `latitude`, `longitude`, `address`) VALUES (1333, 'Melvin', 'Gerhold', '-13.2455', '14.4509', '4383 Name Well\nWest Mozell, IL 25225');
INSERT INTO `USER` (`user_id`, `first_name`, `last_name`, `latitude`, `longitude`, `address`) VALUES (1417, 'Emmie', 'Reynolds', '-32.1395', '116.156', '8161 Windler Fields Apt. 937\nNew Alicia, MO 96006');
INSERT INTO `USER` (`user_id`, `first_name`, `last_name`, `latitude`, `longitude`, `address`) VALUES (1423, 'Callie', 'Kessler', '-59.2704', '100.852', '561 Layla Forge Suite 890\nKirlinmouth, CO 81058-7958');
INSERT INTO `USER` (`user_id`, `first_name`, `last_name`, `latitude`, `longitude`, `address`) VALUES (1518, 'Mossie', 'Dickinson', '-9.84534', '159.117', '6856 Sherman Fall Apt. 768\nHarrisonside, AL 30631-4824');
INSERT INTO `USER` (`user_id`, `first_name`, `last_name`, `latitude`, `longitude`, `address`) VALUES (1540, 'Kirsten', 'Schoen', '-39.4446', '-54.8693', '646 Pagac Canyon Apt. 791\nNorth Cristal, SC 66372-7891');
INSERT INTO `USER` (`user_id`, `first_name`, `last_name`, `latitude`, `longitude`, `address`) VALUES (1580, 'Abdiel', 'Larson', '80.1715', '132.405', '0262 Wehner Pass\nStrackestad, CT 76697-6244');
INSERT INTO `USER` (`user_id`, `first_name`, `last_name`, `latitude`, `longitude`, `address`) VALUES (1589, 'Chesley', 'Kuphal', '46.112', '-128.792', '80803 Cecelia Cape\nWest Leonorstad, CT 16502-6932');
INSERT INTO `USER` (`user_id`, `first_name`, `last_name`, `latitude`, `longitude`, `address`) VALUES (1622, 'Precious', 'Crooks', '-36.9743', '121.59', '303 Gay Street Apt. 498\nJohnstown, RI 55867');
INSERT INTO `USER` (`user_id`, `first_name`, `last_name`, `latitude`, `longitude`, `address`) VALUES (1675, 'Jewell', 'Heller', '13.3668', '32.6092', '942 Kunde Crescent Suite 272\nLake Julietchester, CA 75599');
INSERT INTO `USER` (`user_id`, `first_name`, `last_name`, `latitude`, `longitude`, `address`) VALUES (1682, 'Candelario', 'Walter', '69.935', '-177.056', '36796 Axel Walks\nPort Terrill, TX 11318');
INSERT INTO `USER` (`user_id`, `first_name`, `last_name`, `latitude`, `longitude`, `address`) VALUES (1721, 'Brisa', 'Koepp', '67.4086', '81.7683', '858 Shanahan Meadow Apt. 241\nPort Rickland, UT 37321-1305');
INSERT INTO `USER` (`user_id`, `first_name`, `last_name`, `latitude`, `longitude`, `address`) VALUES (1827, 'Magnolia', 'Dickinson', '-27.2804', '-23.1801', '0412 Viva Canyon\nEast Maxineville, AR 43541-8090');
INSERT INTO `USER` (`user_id`, `first_name`, `last_name`, `latitude`, `longitude`, `address`) VALUES (1988, 'Antonette', 'Carter', '-17.5049', '105.953', '89306 Leanne Neck Suite 499\nStephanview, NH 60271-9239');
INSERT INTO `USER` (`user_id`, `first_name`, `last_name`, `latitude`, `longitude`, `address`) VALUES (2196, 'Cara', 'Bradtke', '5.0803', '15.1445', '92888 Justyn Lakes\nPredovicfurt, NH 84447-7454');
INSERT INTO `USER` (`user_id`, `first_name`, `last_name`, `latitude`, `longitude`, `address`) VALUES (2231, 'Roosevelt', 'O\'Conner', '-62.0797', '164.267', '590 Deckow Station Suite 113\nWatsicaville, TN 77800');
INSERT INTO `USER` (`user_id`, `first_name`, `last_name`, `latitude`, `longitude`, `address`) VALUES (2359, 'Edd', 'Haley', '59.9343', '-105.095', '76179 Howell Pass Apt. 021\nMedhurstland, KS 13896-2591');
INSERT INTO `USER` (`user_id`, `first_name`, `last_name`, `latitude`, `longitude`, `address`) VALUES (2372, 'Kamron', 'Grant', '53.4214', '24.0021', '37071 Adelbert Trail\nCruickshankville, IN 54129');
INSERT INTO `USER` (`user_id`, `first_name`, `last_name`, `latitude`, `longitude`, `address`) VALUES (2400, 'Gabrielle', 'Schaden', '46.5126', '127.311', '48486 Schinner Views\nVivianneberg, NV 89680-5029');
INSERT INTO `USER` (`user_id`, `first_name`, `last_name`, `latitude`, `longitude`, `address`) VALUES (2684, 'Harold', 'Ritchie', '-57.9954', '49.4982', '878 Jones Stravenue\nNorth Joana, NC 28996-5545');
INSERT INTO `USER` (`user_id`, `first_name`, `last_name`, `latitude`, `longitude`, `address`) VALUES (2754, 'Reggie', 'Conroy', '66.6918', '-51.4484', '955 Myrtis Lights\nKathrynshire, UT 41489-8903');
INSERT INTO `USER` (`user_id`, `first_name`, `last_name`, `latitude`, `longitude`, `address`) VALUES (2808, 'Uriah', 'Deckow', '78.8485', '102.022', '155 Benjamin Loop Suite 084\nMafaldamouth, OR 63188');
INSERT INTO `USER` (`user_id`, `first_name`, `last_name`, `latitude`, `longitude`, `address`) VALUES (2820, 'Jayde', 'Bednar', '-51.7994', '-157.806', '14727 Hahn Junctions Apt. 350\nPort Brant, NJ 51698-3376');
INSERT INTO `USER` (`user_id`, `first_name`, `last_name`, `latitude`, `longitude`, `address`) VALUES (3132, 'Edna', 'O\'Keefe', '23.0072', '93.5482', '05791 Emmerich Harbor Suite 232\nPort Freeman, DC 07077');
INSERT INTO `USER` (`user_id`, `first_name`, `last_name`, `latitude`, `longitude`, `address`) VALUES (3219, 'Manuel', 'Kessler', '-22.7206', '-110.459', '72537 Crooks Mill\nEast Mariaburgh, RI 85535');
INSERT INTO `USER` (`user_id`, `first_name`, `last_name`, `latitude`, `longitude`, `address`) VALUES (3280, 'Rodrigo', 'Carter', '-22.4555', '-127.088', '8612 Mark Canyon\nEast Kelly, NJ 22113');
INSERT INTO `USER` (`user_id`, `first_name`, `last_name`, `latitude`, `longitude`, `address`) VALUES (3302, 'Peyton', 'Goodwin', '-42.0044', '33.2817', '0703 Ryleigh Turnpike\nQuitzonbury, PA 94792');
INSERT INTO `USER` (`user_id`, `first_name`, `last_name`, `latitude`, `longitude`, `address`) VALUES (3334, 'Oswald', 'Marks', '-14.0986', '98.3593', '98948 Mabel Throughway\nPort Sylvan, PA 61845');
INSERT INTO `USER` (`user_id`, `first_name`, `last_name`, `latitude`, `longitude`, `address`) VALUES (3682, 'Shakira', 'Stanton', '63.2361', '-6.62962', '31707 Leonor Turnpike\nMarvinberg, MA 34369-3367');
INSERT INTO `USER` (`user_id`, `first_name`, `last_name`, `latitude`, `longitude`, `address`) VALUES (3820, 'Nya', 'Koepp', '-9.03938', '-65.6578', '87594 Mitchell Common\nWest Kayceeville, IN 19919-2742');
INSERT INTO `USER` (`user_id`, `first_name`, `last_name`, `latitude`, `longitude`, `address`) VALUES (3965, 'Hertha', 'Beatty', '15.2026', '-134.082', '460 Kassulke Drive Suite 929\nMarisolberg, CO 92057-7386');
INSERT INTO `USER` (`user_id`, `first_name`, `last_name`, `latitude`, `longitude`, `address`) VALUES (3988, 'Reed', 'Torp', '-29.6427', '-112.315', '74072 Jerome Mission Apt. 044\nEast Murl, PA 77747-8563');
INSERT INTO `USER` (`user_id`, `first_name`, `last_name`, `latitude`, `longitude`, `address`) VALUES (4097, 'Dominique', 'Crona', '-69.0229', '-52.6679', '97541 Bernier Mountain Suite 481\nPort Liliane, NJ 90963-0723');
INSERT INTO `USER` (`user_id`, `first_name`, `last_name`, `latitude`, `longitude`, `address`) VALUES (4197, 'Margarett', 'Smitham', '-81.0217', '111.944', '898 Blair Run Apt. 622\nEast Aylin, IA 83467-4018');
INSERT INTO `USER` (`user_id`, `first_name`, `last_name`, `latitude`, `longitude`, `address`) VALUES (4237, 'Cullen', 'Adams', '-43.2387', '-25.9962', '5238 Edgardo Stravenue\nLake Prestonfort, CA 67500');
INSERT INTO `USER` (`user_id`, `first_name`, `last_name`, `latitude`, `longitude`, `address`) VALUES (4452, 'Laury', 'Kling', '66.6229', '-63.0109', '219 Sonny Turnpike Suite 048\nSouth Jakeborough, FL 18162-0688');
INSERT INTO `USER` (`user_id`, `first_name`, `last_name`, `latitude`, `longitude`, `address`) VALUES (4940, 'John', 'Mayer', '-73.3971', '-45.1658', '161 Feil Hollow Suite 736\nNorth Kurtis, DE 68020');
INSERT INTO `USER` (`user_id`, `first_name`, `last_name`, `latitude`, `longitude`, `address`) VALUES (5123, 'Myrl', 'Fisher', '40.1734', '159.613', '1636 Leffler Trace Apt. 798\nMarjolaineville, KY 81321');
INSERT INTO `USER` (`user_id`, `first_name`, `last_name`, `latitude`, `longitude`, `address`) VALUES (5313, 'Rosalia', 'Bernier', '49.2638', '167.993', '131 Dwight Street Apt. 555\nNorth Metaside, ND 63155');
INSERT INTO `USER` (`user_id`, `first_name`, `last_name`, `latitude`, `longitude`, `address`) VALUES (5474, 'Emma', 'Koepp', '28.5916', '-163.815', '795 Marquardt Track\nEast Greg, ND 15524');
INSERT INTO `USER` (`user_id`, `first_name`, `last_name`, `latitude`, `longitude`, `address`) VALUES (5519, 'Savanah', 'Emmerich', '-23.4235', '12.7959', '23702 Windler Forks Suite 660\nNew Alfredport, RI 52625');
INSERT INTO `USER` (`user_id`, `first_name`, `last_name`, `latitude`, `longitude`, `address`) VALUES (5696, 'Trinity', 'Shields', '20.7393', '-95.9406', '98109 Corkery Corners Apt. 919\nNew Ottisberg, AR 42625');
INSERT INTO `USER` (`user_id`, `first_name`, `last_name`, `latitude`, `longitude`, `address`) VALUES (5731, 'Shirley', 'Wilderman', '-56.3241', '127.999', '25500 Green Spur\nNew Kacichester, CT 45030-8489');
INSERT INTO `USER` (`user_id`, `first_name`, `last_name`, `latitude`, `longitude`, `address`) VALUES (5884, 'Javonte', 'Murray', '-44.4651', '136.414', '3520 Anderson Lodge\nNew Nickolas, TX 63590-7513');
INSERT INTO `USER` (`user_id`, `first_name`, `last_name`, `latitude`, `longitude`, `address`) VALUES (5902, 'Vida', 'Shields', '-2.89991', '178.875', '833 Xzavier Wells\nLake Alfredton, SC 49885');
INSERT INTO `USER` (`user_id`, `first_name`, `last_name`, `latitude`, `longitude`, `address`) VALUES (5919, 'Isabell', 'Gleason', '41.9185', '-80.4776', '247 Martine Station\nDaniellefort, AL 69317-2597');
INSERT INTO `USER` (`user_id`, `first_name`, `last_name`, `latitude`, `longitude`, `address`) VALUES (6026, 'Karelle', 'Moen', '-27.9542', '-160.21', '9040 Zulauf Glen\nDaughertyville, IA 88167-9361');
INSERT INTO `USER` (`user_id`, `first_name`, `last_name`, `latitude`, `longitude`, `address`) VALUES (6030, 'Frederick', 'DuBuque', '-9.73419', '158.66', '5708 Farrell Expressway\nElianeview, OR 23154');
INSERT INTO `USER` (`user_id`, `first_name`, `last_name`, `latitude`, `longitude`, `address`) VALUES (6079, 'Jazmyn', 'Murazik', '-85.3275', '-138.236', '996 Moises Lights\nGrantburgh, WI 10438-4925');
INSERT INTO `USER` (`user_id`, `first_name`, `last_name`, `latitude`, `longitude`, `address`) VALUES (6085, 'Miguel', 'Walker', '36.8745', '-22.8594', '3243 Jordyn Pines Suite 524\nWest Kristoferchester, WY 23047');
INSERT INTO `USER` (`user_id`, `first_name`, `last_name`, `latitude`, `longitude`, `address`) VALUES (6100, 'Richmond', 'Durgan', '13.2043', '-0.741021', '441 Carolina Mountains\nEast Zoila, KY 51805');
INSERT INTO `USER` (`user_id`, `first_name`, `last_name`, `latitude`, `longitude`, `address`) VALUES (6128, 'Deontae', 'Mante', '87.6573', '-55.9414', '4367 Conn Mills\nLittelshire, KY 30821-2172');
INSERT INTO `USER` (`user_id`, `first_name`, `last_name`, `latitude`, `longitude`, `address`) VALUES (6153, 'Samantha', 'Mante', '54.1766', '-51.144', '2451 Leopold Lake\nWilsonmouth, TN 86853-6137');
INSERT INTO `USER` (`user_id`, `first_name`, `last_name`, `latitude`, `longitude`, `address`) VALUES (6239, 'Madalyn', 'Yost', '57.1173', '56.7873', '463 Turner Row Apt. 655\nSouth Dena, CA 99535-3971');
INSERT INTO `USER` (`user_id`, `first_name`, `last_name`, `latitude`, `longitude`, `address`) VALUES (6319, 'Jules', 'Legros', '58.9977', '-156.644', '47557 Joseph Summit\nNorth Myah, ID 48662');
INSERT INTO `USER` (`user_id`, `first_name`, `last_name`, `latitude`, `longitude`, `address`) VALUES (6355, 'Frederick', 'Predovic', '74.0415', '-128.174', '119 Payton Drives Suite 738\nOndrickashire, MA 70322');
INSERT INTO `USER` (`user_id`, `first_name`, `last_name`, `latitude`, `longitude`, `address`) VALUES (6519, 'Shemar', 'Monahan', '20.2586', '-83.0432', '373 Ullrich Pass\nJermaineshire, MS 31924');
INSERT INTO `USER` (`user_id`, `first_name`, `last_name`, `latitude`, `longitude`, `address`) VALUES (6606, 'Onie', 'Goldner', '-89.8561', '-1.66393', '549 Trevion Knoll\nBashirianmouth, MD 18802-7463');
INSERT INTO `USER` (`user_id`, `first_name`, `last_name`, `latitude`, `longitude`, `address`) VALUES (6649, 'Ralph', 'Walter', '-23.3119', '172.583', '18631 Heller Port\nReingermouth, TN 29179-0498');
INSERT INTO `USER` (`user_id`, `first_name`, `last_name`, `latitude`, `longitude`, `address`) VALUES (6701, 'Alexie', 'Stroman', '4.98949', '-89.8461', '18507 Jakubowski Terrace\nEast Elisa, IA 50991');
INSERT INTO `USER` (`user_id`, `first_name`, `last_name`, `latitude`, `longitude`, `address`) VALUES (6727, 'Shanie', 'Sauer', '14.313', '97.4015', '1759 Retha Station\nSchneiderberg, MI 02976');
INSERT INTO `USER` (`user_id`, `first_name`, `last_name`, `latitude`, `longitude`, `address`) VALUES (6783, 'Sasha', 'Stracke', '51.3319', '178.155', '381 Gabe Forks Suite 398\nHettietown, MS 82957-2102');
INSERT INTO `USER` (`user_id`, `first_name`, `last_name`, `latitude`, `longitude`, `address`) VALUES (6789, 'Sigurd', 'Hegmann', '31.4311', '-91.0578', '704 Abigayle Mountain\nEast Albahaven, DE 53848-0113');
INSERT INTO `USER` (`user_id`, `first_name`, `last_name`, `latitude`, `longitude`, `address`) VALUES (6791, 'Stephan', 'Schulist', '35.5767', '-94.8791', '8560 Chaya Terrace Suite 001\nWest Amanda, IN 44011');
INSERT INTO `USER` (`user_id`, `first_name`, `last_name`, `latitude`, `longitude`, `address`) VALUES (6798, 'Irving', 'Macejkovic', '55.8242', '123.238', '049 Marks Gateway Suite 098\nO\'Connellport, ID 62660');
INSERT INTO `USER` (`user_id`, `first_name`, `last_name`, `latitude`, `longitude`, `address`) VALUES (6971, 'Larissa', 'Sanford', '36.4706', '-97.5609', '385 Treutel Land\nStammbury, KS 87174');
INSERT INTO `USER` (`user_id`, `first_name`, `last_name`, `latitude`, `longitude`, `address`) VALUES (7143, 'Hadley', 'Frami', '81.4454', '-93.0163', '3659 Kenyatta Mountain\nNew Cliftonville, IN 79673');
INSERT INTO `USER` (`user_id`, `first_name`, `last_name`, `latitude`, `longitude`, `address`) VALUES (7182, 'Lauren', 'Kozey', '-29.8758', '28.7618', '0790 Frida Burg Apt. 013\nLake Carmella, GA 27653-7414');
INSERT INTO `USER` (`user_id`, `first_name`, `last_name`, `latitude`, `longitude`, `address`) VALUES (7189, 'Adriel', 'Hills', '-1.10151', '139.183', '933 Franecki Camp\nFelipechester, AL 60078');
INSERT INTO `USER` (`user_id`, `first_name`, `last_name`, `latitude`, `longitude`, `address`) VALUES (7198, 'Maxwell', 'Maggio', '30.4008', '94.0843', '446 Bode Common Suite 767\nFisherhaven, NE 31333-6560');
INSERT INTO `USER` (`user_id`, `first_name`, `last_name`, `latitude`, `longitude`, `address`) VALUES (7243, 'Johann', 'Moen', '21.4907', '-136.153', '68873 Murphy Drives\nPriscillashire, OH 37255-8103');
INSERT INTO `USER` (`user_id`, `first_name`, `last_name`, `latitude`, `longitude`, `address`) VALUES (7296, 'Lucy', 'Kemmer', '55.5823', '-17.5821', '39045 Rath Port Suite 372\nJamesonport, WA 37755');
INSERT INTO `USER` (`user_id`, `first_name`, `last_name`, `latitude`, `longitude`, `address`) VALUES (7559, 'Savanna', 'Bins', '84.0814', '170.169', '10973 Spencer Square Apt. 807\nLangworthbury, DC 47920-2293');
INSERT INTO `USER` (`user_id`, `first_name`, `last_name`, `latitude`, `longitude`, `address`) VALUES (7683, 'Michele', 'Hills', '-60.5418', '59.8123', '423 Gusikowski Run\nBenedictport, IA 19198-4771');
INSERT INTO `USER` (`user_id`, `first_name`, `last_name`, `latitude`, `longitude`, `address`) VALUES (7833, 'Chet', 'Klein', '62.0114', '-89.3419', '50421 Morar Plaza Suite 944\nMelisaburgh, ID 09637-4722');
INSERT INTO `USER` (`user_id`, `first_name`, `last_name`, `latitude`, `longitude`, `address`) VALUES (7888, 'Austyn', 'Thiel', '-75.7377', '-40.4365', '736 Newton Village Apt. 960\nWilfordland, MT 12896');
INSERT INTO `USER` (`user_id`, `first_name`, `last_name`, `latitude`, `longitude`, `address`) VALUES (7897, 'Cathrine', 'Mitchell', '78.719', '-40.5763', '481 Grayson Course Suite 587\nNorth Rowena, NV 59555-5993');
INSERT INTO `USER` (`user_id`, `first_name`, `last_name`, `latitude`, `longitude`, `address`) VALUES (8177, 'Barbara', 'Swift', '35.7336', '78.1105', '674 Hansen Estate Suite 416\nElouisechester, IA 57528-4037');
INSERT INTO `USER` (`user_id`, `first_name`, `last_name`, `latitude`, `longitude`, `address`) VALUES (8256, 'Winona', 'Lakin', '-75.1441', '-51.544', '29392 Delta Brooks Suite 555\nEast Kacimouth, WY 23163');
INSERT INTO `USER` (`user_id`, `first_name`, `last_name`, `latitude`, `longitude`, `address`) VALUES (8318, 'Clark', 'Schaden', '75.4128', '-130.323', '58117 Kreiger Burg Suite 621\nDaisymouth, ND 95613');
INSERT INTO `USER` (`user_id`, `first_name`, `last_name`, `latitude`, `longitude`, `address`) VALUES (8431, 'Kraig', 'Howe', '-53.6415', '-56.0843', '205 Itzel Extension Apt. 671\nSouth Madalynchester, WV 53330');
INSERT INTO `USER` (`user_id`, `first_name`, `last_name`, `latitude`, `longitude`, `address`) VALUES (8582, 'Guido', 'Pacocha', '-2.64694', '43.3731', '21126 Gutkowski Land\nPort Kaylah, WI 65489-9808');
INSERT INTO `USER` (`user_id`, `first_name`, `last_name`, `latitude`, `longitude`, `address`) VALUES (8607, 'Amani', 'Lynch', '-49.5568', '48.44', '82423 Leola Mountain Apt. 295\nLefflerport, NV 15017-1880');
INSERT INTO `USER` (`user_id`, `first_name`, `last_name`, `latitude`, `longitude`, `address`) VALUES (8784, 'Mae', 'Roberts', '-32.7947', '178.673', '7955 King Mission Suite 117\nWest Greg, NJ 70220');
INSERT INTO `USER` (`user_id`, `first_name`, `last_name`, `latitude`, `longitude`, `address`) VALUES (8803, 'Ashley', 'Koelpin', '-63.2631', '65.3666', '3184 Jalen Route Suite 019\nWest Jeniferport, OH 69880-0612');
INSERT INTO `USER` (`user_id`, `first_name`, `last_name`, `latitude`, `longitude`, `address`) VALUES (9022, 'Alize', 'Hintz', '-84.5287', '27.6605', '8765 Hayes Junctions Suite 830\nAllystad, AZ 27853');
INSERT INTO `USER` (`user_id`, `first_name`, `last_name`, `latitude`, `longitude`, `address`) VALUES (9028, 'Flavie', 'Corkery', '9.30868', '-93.3514', '605 Stark Shore Apt. 350\nGibsonberg, KS 52866');
INSERT INTO `USER` (`user_id`, `first_name`, `last_name`, `latitude`, `longitude`, `address`) VALUES (9062, 'Roberto', 'Nolan', '59.6722', '-15.0185', '817 Runolfsson Garden Suite 898\nRaumouth, MN 93794');
INSERT INTO `USER` (`user_id`, `first_name`, `last_name`, `latitude`, `longitude`, `address`) VALUES (9100, 'Genevieve', 'Thiel', '18.9426', '-9.24344', '9259 Florence Park Suite 014\nEast Kody, AZ 06430-4083');
INSERT INTO `USER` (`user_id`, `first_name`, `last_name`, `latitude`, `longitude`, `address`) VALUES (9212, 'Eleanora', 'Kassulke', '-56.6328', '-62.3368', '4751 Adela Squares\nOctaviaton, IN 77097');
INSERT INTO `USER` (`user_id`, `first_name`, `last_name`, `latitude`, `longitude`, `address`) VALUES (9214, 'Jerel', 'Lakin', '4.7121', '167.939', '0231 Gorczany Neck\nEast Vernie, MS 05223');
INSERT INTO `USER` (`user_id`, `first_name`, `last_name`, `latitude`, `longitude`, `address`) VALUES (9221, 'Nigel', 'Friesen', '-16.5638', '-61.6793', '87104 McLaughlin Orchard Apt. 954\nLake Deangeloside, NC 38181-5043');
INSERT INTO `USER` (`user_id`, `first_name`, `last_name`, `latitude`, `longitude`, `address`) VALUES (9261, 'Micah', 'Moen', '18.1567', '66.692', '577 Vandervort Radial\nLempifort, MS 16854-0248');
INSERT INTO `USER` (`user_id`, `first_name`, `last_name`, `latitude`, `longitude`, `address`) VALUES (9388, 'Destin', 'Koepp', '45.6361', '179.225', '670 Britney Pines Suite 948\nNew Sonia, CT 93356-0768');
INSERT INTO `USER` (`user_id`, `first_name`, `last_name`, `latitude`, `longitude`, `address`) VALUES (9446, 'Elinore', 'Miller', '69.4123', '-158.041', '0434 Gottlieb Mountain\nPort Kimberly, NY 55354');
INSERT INTO `USER` (`user_id`, `first_name`, `last_name`, `latitude`, `longitude`, `address`) VALUES (9563, 'Tate', 'Kshlerin', '-22.8381', '117.366', '3469 Emelia Greens Apt. 224\nWest Oranmouth, NE 45819-3755');
INSERT INTO `USER` (`user_id`, `first_name`, `last_name`, `latitude`, `longitude`, `address`) VALUES (9627, 'Nathanael', 'Ankunding', '61.8968', '-79.517', '97742 Alan Fork\nReichelshire, WA 31926');
INSERT INTO `USER` (`user_id`, `first_name`, `last_name`, `latitude`, `longitude`, `address`) VALUES (9740, 'Bernardo', 'Hermiston', '66.639', '-84.4535', '0415 Ebert Avenue\nCyrilview, RI 34229-6249');
INSERT INTO `USER` (`user_id`, `first_name`, `last_name`, `latitude`, `longitude`, `address`) VALUES (9778, 'Laurence', 'Marks', '-55.8833', '-132.964', '2912 Marquardt Brooks Suite 571\nLake Jaidenside, FL 63639');
INSERT INTO `USER` (`user_id`, `first_name`, `last_name`, `latitude`, `longitude`, `address`) VALUES (9840, 'Clifton', 'Collier', '73.6918', '-25.6479', '18584 Donny Keys Suite 374\nDietrichmouth, PA 87299');
INSERT INTO `USER` (`user_id`, `first_name`, `last_name`, `latitude`, `longitude`, `address`) VALUES (9972, 'Johathan', 'Lockman', '-13.2689', '-18.036', '49651 Gretchen Field\nSouth Demetrius, MA 76581');




INSERT INTO `SUBSCRIPTION` (`wallet_amount`, `user_id`) VALUES ('8245', 7143);
INSERT INTO `SUBSCRIPTION` (`wallet_amount`, `user_id`) VALUES ('7690', 7182);
INSERT INTO `SUBSCRIPTION` (`wallet_amount`, `user_id`) VALUES ('8776', 7189);
INSERT INTO `SUBSCRIPTION` (`wallet_amount`, `user_id`) VALUES ('9146', 7198);
INSERT INTO `SUBSCRIPTION` (`wallet_amount`, `user_id`) VALUES ('6395', 7243);
INSERT INTO `SUBSCRIPTION` (`wallet_amount`, `user_id`) VALUES ('653', 7296);
INSERT INTO `SUBSCRIPTION` (`wallet_amount`, `user_id`) VALUES ('1721', 7559);
INSERT INTO `SUBSCRIPTION` (`wallet_amount`, `user_id`) VALUES ('9179', 7683);
INSERT INTO `SUBSCRIPTION` (`wallet_amount`, `user_id`) VALUES ('1091', 7833);
INSERT INTO `SUBSCRIPTION` (`wallet_amount`, `user_id`) VALUES ('7590', 7888);
INSERT INTO `SUBSCRIPTION` (`wallet_amount`, `user_id`) VALUES ('5434', 7897);
INSERT INTO `SUBSCRIPTION` (`wallet_amount`, `user_id`) VALUES ('6130', 8177);
INSERT INTO `SUBSCRIPTION` (`wallet_amount`, `user_id`) VALUES ('5284', 8256);
INSERT INTO `SUBSCRIPTION` (`wallet_amount`, `user_id`) VALUES ('4485', 8318);
INSERT INTO `SUBSCRIPTION` (`wallet_amount`, `user_id`) VALUES ('2778', 8431);
INSERT INTO `SUBSCRIPTION` (`wallet_amount`, `user_id`) VALUES ('4325', 8582);
INSERT INTO `SUBSCRIPTION` (`wallet_amount`, `user_id`) VALUES ('1680', 8607);
INSERT INTO `SUBSCRIPTION` (`wallet_amount`, `user_id`) VALUES ('3050', 8784);
INSERT INTO `SUBSCRIPTION` (`wallet_amount`, `user_id`) VALUES ('1070', 8803);
INSERT INTO `SUBSCRIPTION` (`wallet_amount`, `user_id`) VALUES ('2676', 9022);
INSERT INTO `SUBSCRIPTION` (`wallet_amount`, `user_id`) VALUES ('2383', 9028);
INSERT INTO `SUBSCRIPTION` (`wallet_amount`, `user_id`) VALUES ('5885', 9062);
INSERT INTO `SUBSCRIPTION` (`wallet_amount`, `user_id`) VALUES ('7985', 9100);
INSERT INTO `SUBSCRIPTION` (`wallet_amount`, `user_id`) VALUES ('1243', 9212);
INSERT INTO `SUBSCRIPTION` (`wallet_amount`, `user_id`) VALUES ('2760', 9214);
INSERT INTO `SUBSCRIPTION` (`wallet_amount`, `user_id`) VALUES ('9377', 9221);
INSERT INTO `SUBSCRIPTION` (`wallet_amount`, `user_id`) VALUES ('7861', 9261);
INSERT INTO `SUBSCRIPTION` (`wallet_amount`, `user_id`) VALUES ('2144', 9388);
INSERT INTO `SUBSCRIPTION` (`wallet_amount`, `user_id`) VALUES ('6583', 9446);
INSERT INTO `SUBSCRIPTION` (`wallet_amount`, `user_id`) VALUES ('5322', 9563);
INSERT INTO `SUBSCRIPTION` (`wallet_amount`, `user_id`) VALUES ('1213', 9627);
INSERT INTO `SUBSCRIPTION` (`wallet_amount`, `user_id`) VALUES ('8387', 9740);
INSERT INTO `SUBSCRIPTION` (`wallet_amount`, `user_id`) VALUES ('3279', 9778);
INSERT INTO `SUBSCRIPTION` (`wallet_amount`, `user_id`) VALUES ('1518', 9840);
INSERT INTO `SUBSCRIPTION` (`wallet_amount`, `user_id`) VALUES ('2030', 9972);


INSERT INTO `BEE_TYPE` (`bee_class`, `range`, `max_weight`) VALUES (' w', '100', '20');
INSERT INTO `BEE_TYPE` (`bee_class`, `range`, `max_weight`) VALUES ('q', '500', '100');

INSERT INTO `BEEHIVE` (`hive_id`, `empty_docks`, `latitude`, `longitude`) VALUES (20988, 5, '4.08356', '168.358');
INSERT INTO `BEEHIVE` (`hive_id`, `empty_docks`, `latitude`, `longitude`) VALUES (24010, 2, '61.2182', '24.3906');
INSERT INTO `BEEHIVE` (`hive_id`, `empty_docks`, `latitude`, `longitude`) VALUES (37654, 10, '52.2257', '172.509');
INSERT INTO `BEEHIVE` (`hive_id`, `empty_docks`, `latitude`, `longitude`) VALUES (43596, 9, '-65.4147', '-93.6849');
INSERT INTO `BEEHIVE` (`hive_id`, `empty_docks`, `latitude`, `longitude`) VALUES (51730, 4, '-17.3437', '43.7145');
INSERT INTO `BEEHIVE` (`hive_id`, `empty_docks`, `latitude`, `longitude`) VALUES (61650, 9, '-70.2827', '60.8816');
INSERT INTO `BEEHIVE` (`hive_id`, `empty_docks`, `latitude`, `longitude`) VALUES (63647, 8, '-37.8812', '59.7464');
INSERT INTO `BEEHIVE` (`hive_id`, `empty_docks`, `latitude`, `longitude`) VALUES (68028, 15, '-25.9034', '-16.837');
INSERT INTO `BEEHIVE` (`hive_id`, `empty_docks`, `latitude`, `longitude`) VALUES (77806, 10, '55.6381', '56.6979');
INSERT INTO `BEEHIVE` (`hive_id`, `empty_docks`, `latitude`, `longitude`) VALUES (86600, 1, '-4.31581', '49.1383');


INSERT INTO `BEEHIVE_HOLE` (`hivehole_id`, `hive_id`) VALUES (1066, 20988);
INSERT INTO `BEEHIVE_HOLE` (`hivehole_id`, `hive_id`) VALUES (1303, 20988);
INSERT INTO `BEEHIVE_HOLE` (`hivehole_id`, `hive_id`) VALUES (3707, 20988);
INSERT INTO `BEEHIVE_HOLE` (`hivehole_id`, `hive_id`) VALUES (4679, 20988);
INSERT INTO `BEEHIVE_HOLE` (`hivehole_id`, `hive_id`) VALUES (5985, 20988);
INSERT INTO `BEEHIVE_HOLE` (`hivehole_id`, `hive_id`) VALUES (7311, 20988);
INSERT INTO `BEEHIVE_HOLE` (`hivehole_id`, `hive_id`) VALUES (7393, 20988);
INSERT INTO `BEEHIVE_HOLE` (`hivehole_id`, `hive_id`) VALUES (9235, 20988);
INSERT INTO `BEEHIVE_HOLE` (`hivehole_id`, `hive_id`) VALUES (2752, 24010);
INSERT INTO `BEEHIVE_HOLE` (`hivehole_id`, `hive_id`) VALUES (6969, 24010);
INSERT INTO `BEEHIVE_HOLE` (`hivehole_id`, `hive_id`) VALUES (7058, 24010);
INSERT INTO `BEEHIVE_HOLE` (`hivehole_id`, `hive_id`) VALUES (8067, 24010);
INSERT INTO `BEEHIVE_HOLE` (`hivehole_id`, `hive_id`) VALUES (8470, 24010);
INSERT INTO `BEEHIVE_HOLE` (`hivehole_id`, `hive_id`) VALUES (8766, 24010);
INSERT INTO `BEEHIVE_HOLE` (`hivehole_id`, `hive_id`) VALUES (9430, 24010);
INSERT INTO `BEEHIVE_HOLE` (`hivehole_id`, `hive_id`) VALUES (1768, 37654);
INSERT INTO `BEEHIVE_HOLE` (`hivehole_id`, `hive_id`) VALUES (4020, 37654);
INSERT INTO `BEEHIVE_HOLE` (`hivehole_id`, `hive_id`) VALUES (5705, 37654);
INSERT INTO `BEEHIVE_HOLE` (`hivehole_id`, `hive_id`) VALUES (6257, 37654);
INSERT INTO `BEEHIVE_HOLE` (`hivehole_id`, `hive_id`) VALUES (7753, 37654);
INSERT INTO `BEEHIVE_HOLE` (`hivehole_id`, `hive_id`) VALUES (8387, 37654);
INSERT INTO `BEEHIVE_HOLE` (`hivehole_id`, `hive_id`) VALUES (1482, 43596);
INSERT INTO `BEEHIVE_HOLE` (`hivehole_id`, `hive_id`) VALUES (2268, 43596);
INSERT INTO `BEEHIVE_HOLE` (`hivehole_id`, `hive_id`) VALUES (3419, 43596);
INSERT INTO `BEEHIVE_HOLE` (`hivehole_id`, `hive_id`) VALUES (3684, 43596);
INSERT INTO `BEEHIVE_HOLE` (`hivehole_id`, `hive_id`) VALUES (5452, 43596);
INSERT INTO `BEEHIVE_HOLE` (`hivehole_id`, `hive_id`) VALUES (6060, 43596);
INSERT INTO `BEEHIVE_HOLE` (`hivehole_id`, `hive_id`) VALUES (7035, 43596);
INSERT INTO `BEEHIVE_HOLE` (`hivehole_id`, `hive_id`) VALUES (9214, 43596);
INSERT INTO `BEEHIVE_HOLE` (`hivehole_id`, `hive_id`) VALUES (9474, 43596);
INSERT INTO `BEEHIVE_HOLE` (`hivehole_id`, `hive_id`) VALUES (9935, 43596);
INSERT INTO `BEEHIVE_HOLE` (`hivehole_id`, `hive_id`) VALUES (2296, 51730);
INSERT INTO `BEEHIVE_HOLE` (`hivehole_id`, `hive_id`) VALUES (7999, 51730);
INSERT INTO `BEEHIVE_HOLE` (`hivehole_id`, `hive_id`) VALUES (8987, 51730);
INSERT INTO `BEEHIVE_HOLE` (`hivehole_id`, `hive_id`) VALUES (9099, 51730);
INSERT INTO `BEEHIVE_HOLE` (`hivehole_id`, `hive_id`) VALUES (2970, 61650);
INSERT INTO `BEEHIVE_HOLE` (`hivehole_id`, `hive_id`) VALUES (4045, 61650);
INSERT INTO `BEEHIVE_HOLE` (`hivehole_id`, `hive_id`) VALUES (4276, 61650);
INSERT INTO `BEEHIVE_HOLE` (`hivehole_id`, `hive_id`) VALUES (4743, 61650);
INSERT INTO `BEEHIVE_HOLE` (`hivehole_id`, `hive_id`) VALUES (5553, 61650);
INSERT INTO `BEEHIVE_HOLE` (`hivehole_id`, `hive_id`) VALUES (5589, 61650);
INSERT INTO `BEEHIVE_HOLE` (`hivehole_id`, `hive_id`) VALUES (8692, 61650);
INSERT INTO `BEEHIVE_HOLE` (`hivehole_id`, `hive_id`) VALUES (8916, 61650);
INSERT INTO `BEEHIVE_HOLE` (`hivehole_id`, `hive_id`) VALUES (2644, 63647);
INSERT INTO `BEEHIVE_HOLE` (`hivehole_id`, `hive_id`) VALUES (2971, 63647);
INSERT INTO `BEEHIVE_HOLE` (`hivehole_id`, `hive_id`) VALUES (5017, 63647);
INSERT INTO `BEEHIVE_HOLE` (`hivehole_id`, `hive_id`) VALUES (5433, 63647);
INSERT INTO `BEEHIVE_HOLE` (`hivehole_id`, `hive_id`) VALUES (7580, 63647);
INSERT INTO `BEEHIVE_HOLE` (`hivehole_id`, `hive_id`) VALUES (7611, 63647);
INSERT INTO `BEEHIVE_HOLE` (`hivehole_id`, `hive_id`) VALUES (8020, 63647);
INSERT INTO `BEEHIVE_HOLE` (`hivehole_id`, `hive_id`) VALUES (8218, 63647);
INSERT INTO `BEEHIVE_HOLE` (`hivehole_id`, `hive_id`) VALUES (2482, 68028);
INSERT INTO `BEEHIVE_HOLE` (`hivehole_id`, `hive_id`) VALUES (2564, 68028);
INSERT INTO `BEEHIVE_HOLE` (`hivehole_id`, `hive_id`) VALUES (3751, 68028);
INSERT INTO `BEEHIVE_HOLE` (`hivehole_id`, `hive_id`) VALUES (4172, 68028);
INSERT INTO `BEEHIVE_HOLE` (`hivehole_id`, `hive_id`) VALUES (6030, 68028);
INSERT INTO `BEEHIVE_HOLE` (`hivehole_id`, `hive_id`) VALUES (6622, 68028);
INSERT INTO `BEEHIVE_HOLE` (`hivehole_id`, `hive_id`) VALUES (6899, 68028);
INSERT INTO `BEEHIVE_HOLE` (`hivehole_id`, `hive_id`) VALUES (8703, 68028);
INSERT INTO `BEEHIVE_HOLE` (`hivehole_id`, `hive_id`) VALUES (1874, 77806);
INSERT INTO `BEEHIVE_HOLE` (`hivehole_id`, `hive_id`) VALUES (3232, 77806);
INSERT INTO `BEEHIVE_HOLE` (`hivehole_id`, `hive_id`) VALUES (3313, 77806);
INSERT INTO `BEEHIVE_HOLE` (`hivehole_id`, `hive_id`) VALUES (3704, 77806);
INSERT INTO `BEEHIVE_HOLE` (`hivehole_id`, `hive_id`) VALUES (3915, 77806);
INSERT INTO `BEEHIVE_HOLE` (`hivehole_id`, `hive_id`) VALUES (4868, 77806);
INSERT INTO `BEEHIVE_HOLE` (`hivehole_id`, `hive_id`) VALUES (5790, 77806);
INSERT INTO `BEEHIVE_HOLE` (`hivehole_id`, `hive_id`) VALUES (1050, 86600);
INSERT INTO `BEEHIVE_HOLE` (`hivehole_id`, `hive_id`) VALUES (2569, 86600);
INSERT INTO `BEEHIVE_HOLE` (`hivehole_id`, `hive_id`) VALUES (3919, 86600);
INSERT INTO `BEEHIVE_HOLE` (`hivehole_id`, `hive_id`) VALUES (3983, 86600);
INSERT INTO `BEEHIVE_HOLE` (`hivehole_id`, `hive_id`) VALUES (4677, 86600);
INSERT INTO `BEEHIVE_HOLE` (`hivehole_id`, `hive_id`) VALUES (5368, 86600);
INSERT INTO `BEEHIVE_HOLE` (`hivehole_id`, `hive_id`) VALUES (6937, 86600);
INSERT INTO `BEEHIVE_HOLE` (`hivehole_id`, `hive_id`) VALUES (7018, 86600);
INSERT INTO `BEEHIVE_HOLE` (`hivehole_id`, `hive_id`) VALUES (8360, 86600);
INSERT INTO `BEEHIVE_HOLE` (`hivehole_id`, `hive_id`) VALUES (9338, 86600);

INSERT INTO `STATION` (`station_id`, `user_id`, `latitude`, `longitude`) VALUES (10213, 9261, '-38.2451', '-46.8519');
INSERT INTO `STATION` (`station_id`, `user_id`, `latitude`, `longitude`) VALUES (10479, 4452, '17.65', '8.71685');
INSERT INTO `STATION` (`station_id`, `user_id`, `latitude`, `longitude`) VALUES (10623, 5884, '-11.6772', '40.4111');
INSERT INTO `STATION` (`station_id`, `user_id`, `latitude`, `longitude`) VALUES (12872, 1333, '20.2811', '10.6917');
INSERT INTO `STATION` (`station_id`, `user_id`, `latitude`, `longitude`) VALUES (15171, 6791, '-29.3351', '53.4409');
INSERT INTO `STATION` (`station_id`, `user_id`, `latitude`, `longitude`) VALUES (16118, 3132, '-19.5226', '-124.142');
INSERT INTO `STATION` (`station_id`, `user_id`, `latitude`, `longitude`) VALUES (16371, 4097, '71.7546', '-78.5776');
INSERT INTO `STATION` (`station_id`, `user_id`, `latitude`, `longitude`) VALUES (17872, 9778, '-47.7734', '101.765');
INSERT INTO `STATION` (`station_id`, `user_id`, `latitude`, `longitude`) VALUES (19903, 3334, '-68.7395', '130.985');
INSERT INTO `STATION` (`station_id`, `user_id`, `latitude`, `longitude`) VALUES (20339, 3302, '28.4026', '-73.076');
INSERT INTO `STATION` (`station_id`, `user_id`, `latitude`, `longitude`) VALUES (22255, 8582, '-75.5891', '-26.0524');
INSERT INTO `STATION` (`station_id`, `user_id`, `latitude`, `longitude`) VALUES (24403, 8318, '-67.9696', '152.315');
INSERT INTO `STATION` (`station_id`, `user_id`, `latitude`, `longitude`) VALUES (24461, 6971, '65.8874', '-157.666');
INSERT INTO `STATION` (`station_id`, `user_id`, `latitude`, `longitude`) VALUES (25621, 3965, '69.9663', '-58.7672');
INSERT INTO `STATION` (`station_id`, `user_id`, `latitude`, `longitude`) VALUES (26260, 2372, '4.21381', '31.2099');
INSERT INTO `STATION` (`station_id`, `user_id`, `latitude`, `longitude`) VALUES (27006, 6030, '-50.3761', '177.733');
INSERT INTO `STATION` (`station_id`, `user_id`, `latitude`, `longitude`) VALUES (28049, 7683, '20.2595', '-61.8605');
INSERT INTO `STATION` (`station_id`, `user_id`, `latitude`, `longitude`) VALUES (28179, 6026, '-70.6954', '-178.183');
INSERT INTO `STATION` (`station_id`, `user_id`, `latitude`, `longitude`) VALUES (28740, 9563, '-77.4363', '-166.936');
INSERT INTO `STATION` (`station_id`, `user_id`, `latitude`, `longitude`) VALUES (29466, 9100, '2.69716', '-113.746');
INSERT INTO `STATION` (`station_id`, `user_id`, `latitude`, `longitude`) VALUES (29648, 7198, '-69.8765', '93.6824');
INSERT INTO `STATION` (`station_id`, `user_id`, `latitude`, `longitude`) VALUES (29894, 2400, '38.9895', '-130.31');
INSERT INTO `STATION` (`station_id`, `user_id`, `latitude`, `longitude`) VALUES (30843, 5313, '-20.3728', '166.263');
INSERT INTO `STATION` (`station_id`, `user_id`, `latitude`, `longitude`) VALUES (32150, 7888, '74.3081', '92.2405');
INSERT INTO `STATION` (`station_id`, `user_id`, `latitude`, `longitude`) VALUES (33863, 7189, '-41.8247', '-163.536');
INSERT INTO `STATION` (`station_id`, `user_id`, `latitude`, `longitude`) VALUES (35273, 6079, '59.4466', '-111.535');
INSERT INTO `STATION` (`station_id`, `user_id`, `latitude`, `longitude`) VALUES (36054, 6701, '58.9946', '86.2203');
INSERT INTO `STATION` (`station_id`, `user_id`, `latitude`, `longitude`) VALUES (37091, 1827, '72.8868', '28.2142');
INSERT INTO `STATION` (`station_id`, `user_id`, `latitude`, `longitude`) VALUES (38836, 3682, '-48.1867', '-115.17');
INSERT INTO `STATION` (`station_id`, `user_id`, `latitude`, `longitude`) VALUES (39671, 7182, '-60.8365', '-25.8339');
INSERT INTO `STATION` (`station_id`, `user_id`, `latitude`, `longitude`) VALUES (40720, 6519, '-18.0921', '174.124');
INSERT INTO `STATION` (`station_id`, `user_id`, `latitude`, `longitude`) VALUES (42068, 7243, '7.64403', '-165.923');
INSERT INTO `STATION` (`station_id`, `user_id`, `latitude`, `longitude`) VALUES (42770, 6100, '-70.7879', '141.744');
INSERT INTO `STATION` (`station_id`, `user_id`, `latitude`, `longitude`) VALUES (43074, 1518, '-7.89292', '-49.8775');
INSERT INTO `STATION` (`station_id`, `user_id`, `latitude`, `longitude`) VALUES (43271, 8177, '48.6356', '42.3595');
INSERT INTO `STATION` (`station_id`, `user_id`, `latitude`, `longitude`) VALUES (44319, 8784, '-87.9888', '-167.617');
INSERT INTO `STATION` (`station_id`, `user_id`, `latitude`, `longitude`) VALUES (45901, 5123, '-39.6051', '33.0742');
INSERT INTO `STATION` (`station_id`, `user_id`, `latitude`, `longitude`) VALUES (47376, 9740, '53.7498', '-31.9817');
INSERT INTO `STATION` (`station_id`, `user_id`, `latitude`, `longitude`) VALUES (47801, 6727, '-13.3772', '-43.8539');
INSERT INTO `STATION` (`station_id`, `user_id`, `latitude`, `longitude`) VALUES (47951, 3280, '39.8391', '12.8031');
INSERT INTO `STATION` (`station_id`, `user_id`, `latitude`, `longitude`) VALUES (47982, 6239, '-28.4096', '144.251');
INSERT INTO `STATION` (`station_id`, `user_id`, `latitude`, `longitude`) VALUES (48724, 5474, '-6.40901', '101.369');
INSERT INTO `STATION` (`station_id`, `user_id`, `latitude`, `longitude`) VALUES (49276, 1540, '-46.2991', '1.42122');
INSERT INTO `STATION` (`station_id`, `user_id`, `latitude`, `longitude`) VALUES (49523, 7559, '75.5992', '39.9793');
INSERT INTO `STATION` (`station_id`, `user_id`, `latitude`, `longitude`) VALUES (50100, 6606, '32.7232', '-10.6385');
INSERT INTO `STATION` (`station_id`, `user_id`, `latitude`, `longitude`) VALUES (53524, 9840, '-51.7333', '-55.0598');
INSERT INTO `STATION` (`station_id`, `user_id`, `latitude`, `longitude`) VALUES (53582, 9028, '67.2209', '133.826');
INSERT INTO `STATION` (`station_id`, `user_id`, `latitude`, `longitude`) VALUES (55250, 8607, '30.2847', '-127.654');
INSERT INTO `STATION` (`station_id`, `user_id`, `latitude`, `longitude`) VALUES (56013, 1682, '-44.6853', '-113.073');
INSERT INTO `STATION` (`station_id`, `user_id`, `latitude`, `longitude`) VALUES (57931, 5902, '-81.2535', '57.1645');
INSERT INTO `STATION` (`station_id`, `user_id`, `latitude`, `longitude`) VALUES (58492, 9212, '35.4359', '152.945');
INSERT INTO `STATION` (`station_id`, `user_id`, `latitude`, `longitude`) VALUES (58645, 6783, '74.2656', '-30.9824');
INSERT INTO `STATION` (`station_id`, `user_id`, `latitude`, `longitude`) VALUES (61970, 1589, '39.0422', '-155.311');
INSERT INTO `STATION` (`station_id`, `user_id`, `latitude`, `longitude`) VALUES (62187, 3820, '7.82762', '36.3327');
INSERT INTO `STATION` (`station_id`, `user_id`, `latitude`, `longitude`) VALUES (62424, 1721, '85.9729', '16.3597');
INSERT INTO `STATION` (`station_id`, `user_id`, `latitude`, `longitude`) VALUES (63249, 2684, '86.9443', '12.6879');
INSERT INTO `STATION` (`station_id`, `user_id`, `latitude`, `longitude`) VALUES (64145, 1423, '-33.6666', '80.0984');
INSERT INTO `STATION` (`station_id`, `user_id`, `latitude`, `longitude`) VALUES (64165, 6085, '77.8219', '173.146');
INSERT INTO `STATION` (`station_id`, `user_id`, `latitude`, `longitude`) VALUES (64385, 1675, '14.9556', '-92.7656');
INSERT INTO `STATION` (`station_id`, `user_id`, `latitude`, `longitude`) VALUES (64524, 8431, '44.5089', '52.4824');
INSERT INTO `STATION` (`station_id`, `user_id`, `latitude`, `longitude`) VALUES (64970, 6128, '-11.6878', '49.7472');
INSERT INTO `STATION` (`station_id`, `user_id`, `latitude`, `longitude`) VALUES (64989, 6319, '-5.87605', '-171.896');
INSERT INTO `STATION` (`station_id`, `user_id`, `latitude`, `longitude`) VALUES (65601, 3988, '-49.7844', '-144.422');
INSERT INTO `STATION` (`station_id`, `user_id`, `latitude`, `longitude`) VALUES (66393, 6789, '42.4001', '138.401');
INSERT INTO `STATION` (`station_id`, `user_id`, `latitude`, `longitude`) VALUES (66643, 2196, '44.517', '173.136');
INSERT INTO `STATION` (`station_id`, `user_id`, `latitude`, `longitude`) VALUES (66847, 1417, '-29.1673', '-5.84398');
INSERT INTO `STATION` (`station_id`, `user_id`, `latitude`, `longitude`) VALUES (67874, 2808, '14.0291', '140.905');
INSERT INTO `STATION` (`station_id`, `user_id`, `latitude`, `longitude`) VALUES (69007, 9214, '52.6502', '-127.578');
INSERT INTO `STATION` (`station_id`, `user_id`, `latitude`, `longitude`) VALUES (69270, 5731, '10.1733', '-16.9861');
INSERT INTO `STATION` (`station_id`, `user_id`, `latitude`, `longitude`) VALUES (70882, 7143, '-3.56907', '53.2083');
INSERT INTO `STATION` (`station_id`, `user_id`, `latitude`, `longitude`) VALUES (70971, 8256, '52.7939', '-128.936');
INSERT INTO `STATION` (`station_id`, `user_id`, `latitude`, `longitude`) VALUES (71080, 1988, '-28.813', '-105.62');
INSERT INTO `STATION` (`station_id`, `user_id`, `latitude`, `longitude`) VALUES (71410, 1580, '-75.8675', '162.167');
INSERT INTO `STATION` (`station_id`, `user_id`, `latitude`, `longitude`) VALUES (72658, 5519, '41.3767', '137.853');
INSERT INTO `STATION` (`station_id`, `user_id`, `latitude`, `longitude`) VALUES (73615, 2754, '-41.8509', '-27.2785');
INSERT INTO `STATION` (`station_id`, `user_id`, `latitude`, `longitude`) VALUES (73642, 4237, '-7.60583', '12.4949');
INSERT INTO `STATION` (`station_id`, `user_id`, `latitude`, `longitude`) VALUES (74448, 9221, '-13.8609', '134.183');
INSERT INTO `STATION` (`station_id`, `user_id`, `latitude`, `longitude`) VALUES (74721, 9022, '64.527', '-71.6889');
INSERT INTO `STATION` (`station_id`, `user_id`, `latitude`, `longitude`) VALUES (74762, 5696, '-88.5201', '36.518');
INSERT INTO `STATION` (`station_id`, `user_id`, `latitude`, `longitude`) VALUES (76914, 4197, '-63.1631', '-158.75');
INSERT INTO `STATION` (`station_id`, `user_id`, `latitude`, `longitude`) VALUES (77208, 9446, '-77.751', '6.54653');
INSERT INTO `STATION` (`station_id`, `user_id`, `latitude`, `longitude`) VALUES (77874, 7897, '54.4593', '159.219');
INSERT INTO `STATION` (`station_id`, `user_id`, `latitude`, `longitude`) VALUES (77973, 2231, '33.2585', '139.115');
INSERT INTO `STATION` (`station_id`, `user_id`, `latitude`, `longitude`) VALUES (78086, 6355, '1.47944', '179.988');
INSERT INTO `STATION` (`station_id`, `user_id`, `latitude`, `longitude`) VALUES (78305, 2359, '-79.3961', '73.6215');
INSERT INTO `STATION` (`station_id`, `user_id`, `latitude`, `longitude`) VALUES (78751, 4940, '57.8871', '-6.11124');
INSERT INTO `STATION` (`station_id`, `user_id`, `latitude`, `longitude`) VALUES (78783, 6153, '-73.3496', '-27.8134');
INSERT INTO `STATION` (`station_id`, `user_id`, `latitude`, `longitude`) VALUES (79692, 7833, '-51.7757', '49.6814');
INSERT INTO `STATION` (`station_id`, `user_id`, `latitude`, `longitude`) VALUES (79747, 9062, '-36.5107', '-142.746');
INSERT INTO `STATION` (`station_id`, `user_id`, `latitude`, `longitude`) VALUES (80507, 6798, '-3.61251', '-80.7574');
INSERT INTO `STATION` (`station_id`, `user_id`, `latitude`, `longitude`) VALUES (80563, 9388, '-36.4056', '71.9477');
INSERT INTO `STATION` (`station_id`, `user_id`, `latitude`, `longitude`) VALUES (80949, 5919, '3.82549', '-175.484');
INSERT INTO `STATION` (`station_id`, `user_id`, `latitude`, `longitude`) VALUES (81232, 2820, '-63.5819', '-82.7524');
INSERT INTO `STATION` (`station_id`, `user_id`, `latitude`, `longitude`) VALUES (86850, 1622, '-82.581', '-29.3671');
INSERT INTO `STATION` (`station_id`, `user_id`, `latitude`, `longitude`) VALUES (88707, 8803, '-83.7656', '115.639');
INSERT INTO `STATION` (`station_id`, `user_id`, `latitude`, `longitude`) VALUES (94253, 9627, '-45.3585', '48.3629');
INSERT INTO `STATION` (`station_id`, `user_id`, `latitude`, `longitude`) VALUES (95105, 7296, '-38.6542', '-46.9819');
INSERT INTO `STATION` (`station_id`, `user_id`, `latitude`, `longitude`) VALUES (96644, 3219, '55.1913', '-87.1217');
INSERT INTO `STATION` (`station_id`, `user_id`, `latitude`, `longitude`) VALUES (97081, 6649, '22.3638', '151.102');
INSERT INTO `STATION` (`station_id`, `user_id`, `latitude`, `longitude`) VALUES (98455, 9972, '33.845', '40.1317');


INSERT INTO `BEE` (`bee_id`, `latitude`, `longitude`, `bee_class`) VALUES (1022, '-50.6619', '115.712',' w');
INSERT INTO `BEE` (`bee_id`, `latitude`, `longitude`, `bee_class`) VALUES (1064, '-44.6088', '94.5809',' w');
INSERT INTO `BEE` (`bee_id`, `latitude`, `longitude`, `bee_class`) VALUES (1123, '83.3029', '-37.4808', 'q');
INSERT INTO `BEE` (`bee_id`, `latitude`, `longitude`, `bee_class`) VALUES (1146, '57.4025', '-42.1354',' w');
INSERT INTO `BEE` (`bee_id`, `latitude`, `longitude`, `bee_class`) VALUES (1172, '44.9548', '-81.028', 'q');
INSERT INTO `BEE` (`bee_id`, `latitude`, `longitude`, `bee_class`) VALUES (1228, '31.8866', '61.6261', 'q');
INSERT INTO `BEE` (`bee_id`, `latitude`, `longitude`, `bee_class`) VALUES (1279, '42.0963', '47.6909', 'q');
INSERT INTO `BEE` (`bee_id`, `latitude`, `longitude`, `bee_class`) VALUES (1420, '-55.528', '132.184',' w');
INSERT INTO `BEE` (`bee_id`, `latitude`, `longitude`, `bee_class`) VALUES (1429, '20.4696', '-141.498', 'q');
INSERT INTO `BEE` (`bee_id`, `latitude`, `longitude`, `bee_class`) VALUES (1446, '-83.7986', '-172.964', 'q');
INSERT INTO `BEE` (`bee_id`, `latitude`, `longitude`, `bee_class`) VALUES (1458, '13.5087', '-27.7338',' w');
INSERT INTO `BEE` (`bee_id`, `latitude`, `longitude`, `bee_class`) VALUES (1492, '75.2603', '65.2917',  'q');
INSERT INTO `BEE` (`bee_id`, `latitude`, `longitude`, `bee_class`) VALUES (1530, '-84.0699', '46.8562',  'q');
INSERT INTO `BEE` (`bee_id`, `latitude`, `longitude`, `bee_class`) VALUES (1602, '54.6857', '-72.7', ' w');
INSERT INTO `BEE` (`bee_id`, `latitude`, `longitude`, `bee_class`) VALUES (1673, '-45.706', '107.122',  'q');
INSERT INTO `BEE` (`bee_id`, `latitude`, `longitude`, `bee_class`) VALUES (1748, '-40.747', '28.9022',  'q');
INSERT INTO `BEE` (`bee_id`, `latitude`, `longitude`, `bee_class`) VALUES (1987, '-24.6315', '-118.526',  'q');
INSERT INTO `BEE` (`bee_id`, `latitude`, `longitude`, `bee_class`) VALUES (2025, '3.83791', '-179.336',  'q');
INSERT INTO `BEE` (`bee_id`, `latitude`, `longitude`, `bee_class`) VALUES (2043, '47.4211', '-91.7817', ' w');
INSERT INTO `BEE` (`bee_id`, `latitude`, `longitude`, `bee_class`) VALUES (2059, '87.7933', '-88.3667', ' w');
INSERT INTO `BEE` (`bee_id`, `latitude`, `longitude`, `bee_class`) VALUES (2084, '77.5946', '-131.614',  'q');
INSERT INTO `BEE` (`bee_id`, `latitude`, `longitude`, `bee_class`) VALUES (2379, '8.32826', '20.4678', ' w');
INSERT INTO `BEE` (`bee_id`, `latitude`, `longitude`, `bee_class`) VALUES (2649, '87.3238', '44.4986', ' w');
INSERT INTO `BEE` (`bee_id`, `latitude`, `longitude`, `bee_class`) VALUES (2690, '-78.4573', '135.583', ' w');
INSERT INTO `BEE` (`bee_id`, `latitude`, `longitude`, `bee_class`) VALUES (2873, '-34.352', '-0.440385',  'q');
INSERT INTO `BEE` (`bee_id`, `latitude`, `longitude`, `bee_class`) VALUES (2988, '52.8912', '71.724',  'q');
INSERT INTO `BEE` (`bee_id`, `latitude`, `longitude`, `bee_class`) VALUES (3024, '-41.8959', '141.462',  'q');
INSERT INTO `BEE` (`bee_id`, `latitude`, `longitude`, `bee_class`) VALUES (3043, '60.619', '-125.926',  'q');
INSERT INTO `BEE` (`bee_id`, `latitude`, `longitude`, `bee_class`) VALUES (3066, '80.6834', '-109.57', ' w');
INSERT INTO `BEE` (`bee_id`, `latitude`, `longitude`, `bee_class`) VALUES (3160, '-73.4508', '42.5352',  'q');
INSERT INTO `BEE` (`bee_id`, `latitude`, `longitude`, `bee_class`) VALUES (3375, '-61.6624', '-162.371',  'q');
INSERT INTO `BEE` (`bee_id`, `latitude`, `longitude`, `bee_class`) VALUES (3402, '83.6884', '34.0511',  'q');
INSERT INTO `BEE` (`bee_id`, `latitude`, `longitude`, `bee_class`) VALUES (3445, '44.0324', '38.8207', ' w');
INSERT INTO `BEE` (`bee_id`, `latitude`, `longitude`, `bee_class`) VALUES (3517, '17.445', '-171.597', ' w');
INSERT INTO `BEE` (`bee_id`, `latitude`, `longitude`, `bee_class`) VALUES (3733, '49.075', '155.366',  'q');
INSERT INTO `BEE` (`bee_id`, `latitude`, `longitude`, `bee_class`) VALUES (3819, '85.4', '141.055', ' w');
INSERT INTO `BEE` (`bee_id`, `latitude`, `longitude`, `bee_class`) VALUES (4026, '-77.4137', '159.457',  'q');
INSERT INTO `BEE` (`bee_id`, `latitude`, `longitude`, `bee_class`) VALUES (4044, '-58.7924', '155.887', ' w');
INSERT INTO `BEE` (`bee_id`, `latitude`, `longitude`, `bee_class`) VALUES (4082, '65.7404', '-68.1895',  'q');
INSERT INTO `BEE` (`bee_id`, `latitude`, `longitude`, `bee_class`) VALUES (4140, '84.5117', '69.0102',  'q');
INSERT INTO `BEE` (`bee_id`, `latitude`, `longitude`, `bee_class`) VALUES (4266, '33.5894', '-68.7223', ' w');
INSERT INTO `BEE` (`bee_id`, `latitude`, `longitude`, `bee_class`) VALUES (4429, '-48.1757', '112.03',  'q');
INSERT INTO `BEE` (`bee_id`, `latitude`, `longitude`, `bee_class`) VALUES (4544, '41.889', '-109.457',  'q');
INSERT INTO `BEE` (`bee_id`, `latitude`, `longitude`, `bee_class`) VALUES (4650, '-30.9492', '-159.565',  'q');
INSERT INTO `BEE` (`bee_id`, `latitude`, `longitude`, `bee_class`) VALUES (4780, '-74.5895', '151.943', ' w');
INSERT INTO `BEE` (`bee_id`, `latitude`, `longitude`, `bee_class`) VALUES (4855, '22.8689', '163.093',  'q');
INSERT INTO `BEE` (`bee_id`, `latitude`, `longitude`, `bee_class`) VALUES (4915, '-68.4937', '-177.95',  'q');
INSERT INTO `BEE` (`bee_id`, `latitude`, `longitude`, `bee_class`) VALUES (4943, '-37.6481', '23.1006',  'q');
INSERT INTO `BEE` (`bee_id`, `latitude`, `longitude`, `bee_class`) VALUES (5106, '-48.5453', '-144.102',  'q');
INSERT INTO `BEE` (`bee_id`, `latitude`, `longitude`, `bee_class`) VALUES (5145, '-43.2776', '153.083',  'q');
INSERT INTO `BEE` (`bee_id`, `latitude`, `longitude`, `bee_class`) VALUES (5165, '29.4943', '-158.562', ' w');
INSERT INTO `BEE` (`bee_id`, `latitude`, `longitude`, `bee_class`) VALUES (5167, '4.97948', '50.9963',  'q');
INSERT INTO `BEE` (`bee_id`, `latitude`, `longitude`, `bee_class`) VALUES (5270, '3.0237', '155.29',  'q');
INSERT INTO `BEE` (`bee_id`, `latitude`, `longitude`, `bee_class`) VALUES (5310, '-32.8211', '-103.318', ' w');
INSERT INTO `BEE` (`bee_id`, `latitude`, `longitude`, `bee_class`) VALUES (5357, '54.0263', '-135.854', ' w');
INSERT INTO `BEE` (`bee_id`, `latitude`, `longitude`, `bee_class`) VALUES (5432, '-49.1843', '49.9218', ' w');
INSERT INTO `BEE` (`bee_id`, `latitude`, `longitude`, `bee_class`) VALUES (5458, '-17.72', '-58.0626',  'q');
INSERT INTO `BEE` (`bee_id`, `latitude`, `longitude`, `bee_class`) VALUES (5611, '14.9935', '-147.805',  'q');
INSERT INTO `BEE` (`bee_id`, `latitude`, `longitude`, `bee_class`) VALUES (5638, '-17.1622', '85.7075', ' w');
INSERT INTO `BEE` (`bee_id`, `latitude`, `longitude`, `bee_class`) VALUES (5851, '75.5043', '-98.5759', ' w');
INSERT INTO `BEE` (`bee_id`, `latitude`, `longitude`, `bee_class`) VALUES (6012, '-50.4781', '-117.805', ' w');
INSERT INTO `BEE` (`bee_id`, `latitude`, `longitude`, `bee_class`) VALUES (6068, '20.7467', '-92.8743', ' w');
INSERT INTO `BEE` (`bee_id`, `latitude`, `longitude`, `bee_class`) VALUES (6171, '-15.4178', '-82.1986', ' w');
INSERT INTO `BEE` (`bee_id`, `latitude`, `longitude`, `bee_class`) VALUES (6211, '66.2322', '87.4435', ' w');
INSERT INTO `BEE` (`bee_id`, `latitude`, `longitude`, `bee_class`) VALUES (6216, '33.9886', '-42.1671', ' w');
INSERT INTO `BEE` (`bee_id`, `latitude`, `longitude`, `bee_class`) VALUES (6270, '28.4005', '59.4653', ' w');
INSERT INTO `BEE` (`bee_id`, `latitude`, `longitude`, `bee_class`) VALUES (6392, '19.9505', '-169.671',  'q');
INSERT INTO `BEE` (`bee_id`, `latitude`, `longitude`, `bee_class`) VALUES (6430, '62.9702', '-127.913', ' w');
INSERT INTO `BEE` (`bee_id`, `latitude`, `longitude`, `bee_class`) VALUES (6459, '-18.0616', '-21.4099', ' w');
INSERT INTO `BEE` (`bee_id`, `latitude`, `longitude`, `bee_class`) VALUES (6542, '-4.88498', '-60.1604',  'q');
INSERT INTO `BEE` (`bee_id`, `latitude`, `longitude`, `bee_class`) VALUES (6740, '-40.2773', '-18.1447',  'q');
INSERT INTO `BEE` (`bee_id`, `latitude`, `longitude`, `bee_class`) VALUES (6790, '2.71745', '3.82223', ' w');
INSERT INTO `BEE` (`bee_id`, `latitude`, `longitude`, `bee_class`) VALUES (6835, '23.159', '115.891', ' w');
INSERT INTO `BEE` (`bee_id`, `latitude`, `longitude`, `bee_class`) VALUES (6951, '-77.1428', '134.838', ' w');
INSERT INTO `BEE` (`bee_id`, `latitude`, `longitude`, `bee_class`) VALUES (7086, '-79.4274', '146.026', ' w');
INSERT INTO `BEE` (`bee_id`, `latitude`, `longitude`, `bee_class`) VALUES (7222, '74.347', '-46.7647', ' w');
INSERT INTO `BEE` (`bee_id`, `latitude`, `longitude`, `bee_class`) VALUES (7253, '-24.4953', '-59.2998', ' w');
INSERT INTO `BEE` (`bee_id`, `latitude`, `longitude`, `bee_class`) VALUES (7345, '51.7853', '-117.326',  'q');
INSERT INTO `BEE` (`bee_id`, `latitude`, `longitude`, `bee_class`) VALUES (7584, '19.4637', '136.364', ' w');
INSERT INTO `BEE` (`bee_id`, `latitude`, `longitude`, `bee_class`) VALUES (7699, '24.1334', '-97.8491', ' w');
INSERT INTO `BEE` (`bee_id`, `latitude`, `longitude`, `bee_class`) VALUES (7745, '30.4967', '-165.764', ' w');
INSERT INTO `BEE` (`bee_id`, `latitude`, `longitude`, `bee_class`) VALUES (7836, '59.9175', '18.7986',  'q');
INSERT INTO `BEE` (`bee_id`, `latitude`, `longitude`, `bee_class`) VALUES (7841, '68.9807', '-168.889', ' w');
INSERT INTO `BEE` (`bee_id`, `latitude`, `longitude`, `bee_class`) VALUES (7976, '12.0683', '53.7984',  'q');
INSERT INTO `BEE` (`bee_id`, `latitude`, `longitude`, `bee_class`) VALUES (8173, '-3.27796', '-141.306',  'q');
INSERT INTO `BEE` (`bee_id`, `latitude`, `longitude`, `bee_class`) VALUES (8350, '-10.2576', '-77.9155', ' w');
INSERT INTO `BEE` (`bee_id`, `latitude`, `longitude`, `bee_class`) VALUES (8461, '-50.5869', '55.3736',  'q');
INSERT INTO `BEE` (`bee_id`, `latitude`, `longitude`, `bee_class`) VALUES (8493, '78.429', '146.17',  'q');
INSERT INTO `BEE` (`bee_id`, `latitude`, `longitude`, `bee_class`) VALUES (8610, '-80.5851', '49.5273',  'q');
INSERT INTO `BEE` (`bee_id`, `latitude`, `longitude`, `bee_class`) VALUES (8649, '0.463548', '133.9',  'q');
INSERT INTO `BEE` (`bee_id`, `latitude`, `longitude`, `bee_class`) VALUES (8736, '-71.18', '9.83672', ' w');
INSERT INTO `BEE` (`bee_id`, `latitude`, `longitude`, `bee_class`) VALUES (8780, '-37.1689', '19.3658', ' w');
INSERT INTO `BEE` (`bee_id`, `latitude`, `longitude`, `bee_class`) VALUES (8846, '-66.3718', '18.182',  'q');
INSERT INTO `BEE` (`bee_id`, `latitude`, `longitude`, `bee_class`) VALUES (8862, '78.9452', '-34.0706', ' w');
INSERT INTO `BEE` (`bee_id`, `latitude`, `longitude`, `bee_class`) VALUES (8977, '53.1017', '-156.032', ' w');
INSERT INTO `BEE` (`bee_id`, `latitude`, `longitude`, `bee_class`) VALUES (9400, '33.6009', '-138.189',  'q');
INSERT INTO `BEE` (`bee_id`, `latitude`, `longitude`, `bee_class`) VALUES (9515, '-49.0175', '43.8316', ' w');
INSERT INTO `BEE` (`bee_id`, `latitude`, `longitude`, `bee_class`) VALUES (9527, '48.5614', '17.189', ' w');
INSERT INTO `BEE` (`bee_id`, `latitude`, `longitude`, `bee_class`) VALUES (9627, '-68.7806', '104.19', ' w');




INSERT INTO `TRANSIT_BEE` (`bee_id`) VALUES (1022);
INSERT INTO `TRANSIT_BEE` (`bee_id`) VALUES (1064);
INSERT INTO `TRANSIT_BEE` (`bee_id`) VALUES (1123);
INSERT INTO `TRANSIT_BEE` (`bee_id`) VALUES (1146);
INSERT INTO `TRANSIT_BEE` (`bee_id`) VALUES (1172);
INSERT INTO `TRANSIT_BEE` (`bee_id`) VALUES (1228);
INSERT INTO `TRANSIT_BEE` (`bee_id`) VALUES (1279);
INSERT INTO `TRANSIT_BEE` (`bee_id`) VALUES (1420);
INSERT INTO `TRANSIT_BEE` (`bee_id`) VALUES (1429);
INSERT INTO `TRANSIT_BEE` (`bee_id`) VALUES (1446);
INSERT INTO `TRANSIT_BEE` (`bee_id`) VALUES (1458);
INSERT INTO `TRANSIT_BEE` (`bee_id`) VALUES (1492);
INSERT INTO `TRANSIT_BEE` (`bee_id`) VALUES (1530);
INSERT INTO `TRANSIT_BEE` (`bee_id`) VALUES (1602);
INSERT INTO `TRANSIT_BEE` (`bee_id`) VALUES (1673);
INSERT INTO `TRANSIT_BEE` (`bee_id`) VALUES (1748);
INSERT INTO `TRANSIT_BEE` (`bee_id`) VALUES (1987);
INSERT INTO `TRANSIT_BEE` (`bee_id`) VALUES (2025);
INSERT INTO `TRANSIT_BEE` (`bee_id`) VALUES (2043);
INSERT INTO `TRANSIT_BEE` (`bee_id`) VALUES (2059);


INSERT INTO `DOCKED_BEE` (`bee_id`, `hivehole_id`) VALUES (1022, 1050);
INSERT INTO `DOCKED_BEE` (`bee_id`, `hivehole_id`) VALUES (1064, 1066);
INSERT INTO `DOCKED_BEE` (`bee_id`, `hivehole_id`) VALUES (1123, 1303);
INSERT INTO `DOCKED_BEE` (`bee_id`, `hivehole_id`) VALUES (1146, 1482);
INSERT INTO `DOCKED_BEE` (`bee_id`, `hivehole_id`) VALUES (1172, 1768);
INSERT INTO `DOCKED_BEE` (`bee_id`, `hivehole_id`) VALUES (1228, 1874);
INSERT INTO `DOCKED_BEE` (`bee_id`, `hivehole_id`) VALUES (1420, 2268);
INSERT INTO `DOCKED_BEE` (`bee_id`, `hivehole_id`) VALUES (1429, 2296);


INSERT INTO `CONTAINER` (`container_id`, `weight`) VALUES (11375, '57');
INSERT INTO `CONTAINER` (`container_id`, `weight`) VALUES (15055, '70');
INSERT INTO `CONTAINER` (`container_id`, `weight`) VALUES (15095, '409');
INSERT INTO `CONTAINER` (`container_id`, `weight`) VALUES (15705, '319');
INSERT INTO `CONTAINER` (`container_id`, `weight`) VALUES (16309, '489');
INSERT INTO `CONTAINER` (`container_id`, `weight`) VALUES (18339, '47');
INSERT INTO `CONTAINER` (`container_id`, `weight`) VALUES (19415, '395');
INSERT INTO `CONTAINER` (`container_id`, `weight`) VALUES (19787, '49');
INSERT INTO `CONTAINER` (`container_id`, `weight`) VALUES (20545, '416');
INSERT INTO `CONTAINER` (`container_id`, `weight`) VALUES (20592, '223');
INSERT INTO `CONTAINER` (`container_id`, `weight`) VALUES (22051, '346');
INSERT INTO `CONTAINER` (`container_id`, `weight`) VALUES (22398, '283');
INSERT INTO `CONTAINER` (`container_id`, `weight`) VALUES (22418, '148');
INSERT INTO `CONTAINER` (`container_id`, `weight`) VALUES (23983, '405');
INSERT INTO `CONTAINER` (`container_id`, `weight`) VALUES (24777, '413');
INSERT INTO `CONTAINER` (`container_id`, `weight`) VALUES (25901, '253');
INSERT INTO `CONTAINER` (`container_id`, `weight`) VALUES (26292, '89');
INSERT INTO `CONTAINER` (`container_id`, `weight`) VALUES (27315, '452');
INSERT INTO `CONTAINER` (`container_id`, `weight`) VALUES (27665, '435');
INSERT INTO `CONTAINER` (`container_id`, `weight`) VALUES (28026, '479');
INSERT INTO `CONTAINER` (`container_id`, `weight`) VALUES (28268, '448');
INSERT INTO `CONTAINER` (`container_id`, `weight`) VALUES (30064, '253');
INSERT INTO `CONTAINER` (`container_id`, `weight`) VALUES (30517, '302');
INSERT INTO `CONTAINER` (`container_id`, `weight`) VALUES (30908, '492');
INSERT INTO `CONTAINER` (`container_id`, `weight`) VALUES (31462, '413');
INSERT INTO `CONTAINER` (`container_id`, `weight`) VALUES (31683, '418');
INSERT INTO `CONTAINER` (`container_id`, `weight`) VALUES (32691, '325');
INSERT INTO `CONTAINER` (`container_id`, `weight`) VALUES (33146, '200');
INSERT INTO `CONTAINER` (`container_id`, `weight`) VALUES (33308, '152');
INSERT INTO `CONTAINER` (`container_id`, `weight`) VALUES (33685, '228');
INSERT INTO `CONTAINER` (`container_id`, `weight`) VALUES (33755, '7');
INSERT INTO `CONTAINER` (`container_id`, `weight`) VALUES (38251, '68');
INSERT INTO `CONTAINER` (`container_id`, `weight`) VALUES (40369, '1');
INSERT INTO `CONTAINER` (`container_id`, `weight`) VALUES (40532, '227');
INSERT INTO `CONTAINER` (`container_id`, `weight`) VALUES (40551, '487');
INSERT INTO `CONTAINER` (`container_id`, `weight`) VALUES (43018, '288');
INSERT INTO `CONTAINER` (`container_id`, `weight`) VALUES (43121, '283');
INSERT INTO `CONTAINER` (`container_id`, `weight`) VALUES (44395, '367');
INSERT INTO `CONTAINER` (`container_id`, `weight`) VALUES (45629, '45');
INSERT INTO `CONTAINER` (`container_id`, `weight`) VALUES (46530, '484');
INSERT INTO `CONTAINER` (`container_id`, `weight`) VALUES (46631, '45');
INSERT INTO `CONTAINER` (`container_id`, `weight`) VALUES (46729, '9');
INSERT INTO `CONTAINER` (`container_id`, `weight`) VALUES (47699, '158');
INSERT INTO `CONTAINER` (`container_id`, `weight`) VALUES (48075, '29');
INSERT INTO `CONTAINER` (`container_id`, `weight`) VALUES (48380, '393');
INSERT INTO `CONTAINER` (`container_id`, `weight`) VALUES (48505, '433');
INSERT INTO `CONTAINER` (`container_id`, `weight`) VALUES (50398, '416');
INSERT INTO `CONTAINER` (`container_id`, `weight`) VALUES (50401, '286');
INSERT INTO `CONTAINER` (`container_id`, `weight`) VALUES (50428, '94');
INSERT INTO `CONTAINER` (`container_id`, `weight`) VALUES (53417, '97');
INSERT INTO `CONTAINER` (`container_id`, `weight`) VALUES (54014, '64');
INSERT INTO `CONTAINER` (`container_id`, `weight`) VALUES (54595, '205');
INSERT INTO `CONTAINER` (`container_id`, `weight`) VALUES (55348, '449');
INSERT INTO `CONTAINER` (`container_id`, `weight`) VALUES (55449, '448');
INSERT INTO `CONTAINER` (`container_id`, `weight`) VALUES (56358, '406');
INSERT INTO `CONTAINER` (`container_id`, `weight`) VALUES (57177, '291');
INSERT INTO `CONTAINER` (`container_id`, `weight`) VALUES (60625, '223');
INSERT INTO `CONTAINER` (`container_id`, `weight`) VALUES (61276, '322');
INSERT INTO `CONTAINER` (`container_id`, `weight`) VALUES (61885, '478');
INSERT INTO `CONTAINER` (`container_id`, `weight`) VALUES (64804, '362');
INSERT INTO `CONTAINER` (`container_id`, `weight`) VALUES (66391, '236');
INSERT INTO `CONTAINER` (`container_id`, `weight`) VALUES (68021, '162');
INSERT INTO `CONTAINER` (`container_id`, `weight`) VALUES (68808, '206');
INSERT INTO `CONTAINER` (`container_id`, `weight`) VALUES (70550, '14');
INSERT INTO `CONTAINER` (`container_id`, `weight`) VALUES (71644, '183');
INSERT INTO `CONTAINER` (`container_id`, `weight`) VALUES (71657, '233');
INSERT INTO `CONTAINER` (`container_id`, `weight`) VALUES (72198, '189');
INSERT INTO `CONTAINER` (`container_id`, `weight`) VALUES (73870, '77');
INSERT INTO `CONTAINER` (`container_id`, `weight`) VALUES (74874, '449');
INSERT INTO `CONTAINER` (`container_id`, `weight`) VALUES (74975, '147');
INSERT INTO `CONTAINER` (`container_id`, `weight`) VALUES (75838, '437');
INSERT INTO `CONTAINER` (`container_id`, `weight`) VALUES (76695, '85');
INSERT INTO `CONTAINER` (`container_id`, `weight`) VALUES (77668, '206');
INSERT INTO `CONTAINER` (`container_id`, `weight`) VALUES (78274, '206');
INSERT INTO `CONTAINER` (`container_id`, `weight`) VALUES (78818, '457');
INSERT INTO `CONTAINER` (`container_id`, `weight`) VALUES (79930, '419');
INSERT INTO `CONTAINER` (`container_id`, `weight`) VALUES (81024, '434');
INSERT INTO `CONTAINER` (`container_id`, `weight`) VALUES (82735, '223');
INSERT INTO `CONTAINER` (`container_id`, `weight`) VALUES (83043, '17');
INSERT INTO `CONTAINER` (`container_id`, `weight`) VALUES (83232, '438');
INSERT INTO `CONTAINER` (`container_id`, `weight`) VALUES (83318, '494');
INSERT INTO `CONTAINER` (`container_id`, `weight`) VALUES (85092, '377');
INSERT INTO `CONTAINER` (`container_id`, `weight`) VALUES (85215, '499');
INSERT INTO `CONTAINER` (`container_id`, `weight`) VALUES (86665, '451');
INSERT INTO `CONTAINER` (`container_id`, `weight`) VALUES (88167, '266');
INSERT INTO `CONTAINER` (`container_id`, `weight`) VALUES (88860, '105');
INSERT INTO `CONTAINER` (`container_id`, `weight`) VALUES (88874, '356');
INSERT INTO `CONTAINER` (`container_id`, `weight`) VALUES (88982, '331');
INSERT INTO `CONTAINER` (`container_id`, `weight`) VALUES (89369, '335');
INSERT INTO `CONTAINER` (`container_id`, `weight`) VALUES (89642, '270');
INSERT INTO `CONTAINER` (`container_id`, `weight`) VALUES (91306, '61');
INSERT INTO `CONTAINER` (`container_id`, `weight`) VALUES (93177, '171');
INSERT INTO `CONTAINER` (`container_id`, `weight`) VALUES (96017, '191');
INSERT INTO `CONTAINER` (`container_id`, `weight`) VALUES (96916, '278');
INSERT INTO `CONTAINER` (`container_id`, `weight`) VALUES (97169, '310');
INSERT INTO `CONTAINER` (`container_id`, `weight`) VALUES (97999, '451');
INSERT INTO `CONTAINER` (`container_id`, `weight`) VALUES (98459, '47');
INSERT INTO `CONTAINER` (`container_id`, `weight`) VALUES (98626, '163');
INSERT INTO `CONTAINER` (`container_id`, `weight`) VALUES (99714, '80');
INSERT INTO `CONTAINER` (`container_id`, `weight`) VALUES (99864, '128');

INSERT INTO `QUEENSIZE_CONT` (`container_id`) VALUES (11375);
INSERT INTO `QUEENSIZE_CONT` (`container_id`) VALUES (15055);
INSERT INTO `QUEENSIZE_CONT` (`container_id`) VALUES (15095);
INSERT INTO `QUEENSIZE_CONT` (`container_id`) VALUES (15705);
INSERT INTO `QUEENSIZE_CONT` (`container_id`) VALUES (16309);
INSERT INTO `QUEENSIZE_CONT` (`container_id`) VALUES (18339);
INSERT INTO `QUEENSIZE_CONT` (`container_id`) VALUES (19415);
INSERT INTO `QUEENSIZE_CONT` (`container_id`) VALUES (19787);
INSERT INTO `QUEENSIZE_CONT` (`container_id`) VALUES (20545);
INSERT INTO `QUEENSIZE_CONT` (`container_id`) VALUES (20592);



INSERT INTO `STANDARD_CONT` (`container_id`, `qcontainer_id`) VALUES (11375, 11375);
INSERT INTO `STANDARD_CONT` (`container_id`, `qcontainer_id`) VALUES (15055, 15055);
INSERT INTO `STANDARD_CONT` (`container_id`, `qcontainer_id`) VALUES (15095, 15095);
INSERT INTO `STANDARD_CONT` (`container_id`, `qcontainer_id`) VALUES (15705, 15705);
INSERT INTO `STANDARD_CONT` (`container_id`, `qcontainer_id`) VALUES (16309, 16309);
INSERT INTO `STANDARD_CONT` (`container_id`, `qcontainer_id`) VALUES (18339, 18339);
INSERT INTO `STANDARD_CONT` (`container_id`, `qcontainer_id`) VALUES (19415, 19415);
INSERT INTO `STANDARD_CONT` (`container_id`, `qcontainer_id`) VALUES (19787, 19787);
INSERT INTO `STANDARD_CONT` (`container_id`, `qcontainer_id`) VALUES (20545, 20545);
INSERT INTO `STANDARD_CONT` (`container_id`, `qcontainer_id`) VALUES (20592, 20592);
INSERT INTO `STANDARD_CONT` (`container_id`, `qcontainer_id`) VALUES (22051, 11375);
INSERT INTO `STANDARD_CONT` (`container_id`, `qcontainer_id`) VALUES (22398, 15055);
INSERT INTO `STANDARD_CONT` (`container_id`, `qcontainer_id`) VALUES (22418, 15095);
INSERT INTO `STANDARD_CONT` (`container_id`, `qcontainer_id`) VALUES (23983, 15705);
INSERT INTO `STANDARD_CONT` (`container_id`, `qcontainer_id`) VALUES (24777, 16309);
INSERT INTO `STANDARD_CONT` (`container_id`, `qcontainer_id`) VALUES (25901, 18339);
INSERT INTO `STANDARD_CONT` (`container_id`, `qcontainer_id`) VALUES (26292, 19415);
INSERT INTO `STANDARD_CONT` (`container_id`, `qcontainer_id`) VALUES (27315, 19787);
INSERT INTO `STANDARD_CONT` (`container_id`, `qcontainer_id`) VALUES (27665, 20545);
INSERT INTO `STANDARD_CONT` (`container_id`, `qcontainer_id`) VALUES (28026, 20592);
INSERT INTO `STANDARD_CONT` (`container_id`, `qcontainer_id`) VALUES (28268, 11375);
INSERT INTO `STANDARD_CONT` (`container_id`, `qcontainer_id`) VALUES (30064, 15055);
INSERT INTO `STANDARD_CONT` (`container_id`, `qcontainer_id`) VALUES (30517, 15095);
INSERT INTO `STANDARD_CONT` (`container_id`, `qcontainer_id`) VALUES (30908, 15705);
INSERT INTO `STANDARD_CONT` (`container_id`, `qcontainer_id`) VALUES (31462, 16309);
INSERT INTO `STANDARD_CONT` (`container_id`, `qcontainer_id`) VALUES (31683, 18339);
INSERT INTO `STANDARD_CONT` (`container_id`, `qcontainer_id`) VALUES (32691, 19415);
INSERT INTO `STANDARD_CONT` (`container_id`, `qcontainer_id`) VALUES (33146, 19787);
INSERT INTO `STANDARD_CONT` (`container_id`, `qcontainer_id`) VALUES (33308, 20545);
INSERT INTO `STANDARD_CONT` (`container_id`, `qcontainer_id`) VALUES (33685, 20592);
INSERT INTO `STANDARD_CONT` (`container_id`, `qcontainer_id`) VALUES (33755, 11375);
INSERT INTO `STANDARD_CONT` (`container_id`, `qcontainer_id`) VALUES (38251, 15055);
INSERT INTO `STANDARD_CONT` (`container_id`, `qcontainer_id`) VALUES (40369, 15095);
INSERT INTO `STANDARD_CONT` (`container_id`, `qcontainer_id`) VALUES (40532, 15705);
INSERT INTO `STANDARD_CONT` (`container_id`, `qcontainer_id`) VALUES (40551, 16309);
INSERT INTO `STANDARD_CONT` (`container_id`, `qcontainer_id`) VALUES (43018, 18339);
INSERT INTO `STANDARD_CONT` (`container_id`, `qcontainer_id`) VALUES (43121, 19415);
INSERT INTO `STANDARD_CONT` (`container_id`, `qcontainer_id`) VALUES (44395, 19787);
INSERT INTO `STANDARD_CONT` (`container_id`, `qcontainer_id`) VALUES (45629, 20545);
INSERT INTO `STANDARD_CONT` (`container_id`, `qcontainer_id`) VALUES (46530, 20592);
INSERT INTO `STANDARD_CONT` (`container_id`, `qcontainer_id`) VALUES (46631, 11375);
INSERT INTO `STANDARD_CONT` (`container_id`, `qcontainer_id`) VALUES (46729, 15055);
INSERT INTO `STANDARD_CONT` (`container_id`, `qcontainer_id`) VALUES (47699, 15095);
INSERT INTO `STANDARD_CONT` (`container_id`, `qcontainer_id`) VALUES (48075, 15705);
INSERT INTO `STANDARD_CONT` (`container_id`, `qcontainer_id`) VALUES (48380, 16309);
INSERT INTO `STANDARD_CONT` (`container_id`, `qcontainer_id`) VALUES (48505, 18339);
INSERT INTO `STANDARD_CONT` (`container_id`, `qcontainer_id`) VALUES (50398, 19415);
INSERT INTO `STANDARD_CONT` (`container_id`, `qcontainer_id`) VALUES (50401, 19787);
INSERT INTO `STANDARD_CONT` (`container_id`, `qcontainer_id`) VALUES (50428, 20545);
INSERT INTO `STANDARD_CONT` (`container_id`, `qcontainer_id`) VALUES (53417, 20592);
Delete FROM STANDARD_CONT WHERE container_id = qcontainer_id;


INSERT INTO `PACKAGE` (`package_id`, `container_id`) VALUES (9674, 86665);
INSERT INTO `PACKAGE` (`package_id`, `container_id`) VALUES (8274, 88167);
INSERT INTO `PACKAGE` (`package_id`, `container_id`) VALUES (4010, 88860);
INSERT INTO `PACKAGE` (`package_id`, `container_id`) VALUES (3233, 88874);
INSERT INTO `PACKAGE` (`package_id`, `container_id`) VALUES (7824, 88982);
INSERT INTO `PACKAGE` (`package_id`, `container_id`) VALUES (6746, 89369);
INSERT INTO `PACKAGE` (`package_id`, `container_id`) VALUES (1734, 89642);
INSERT INTO `PACKAGE` (`package_id`, `container_id`) VALUES (3503, 91306);
INSERT INTO `PACKAGE` (`package_id`, `container_id`) VALUES (3427, 93177);
INSERT INTO `PACKAGE` (`package_id`, `container_id`) VALUES (5479, 96017);
INSERT INTO `PACKAGE` (`package_id`, `container_id`) VALUES (8262, 96916);
INSERT INTO `PACKAGE` (`package_id`, `container_id`) VALUES (6675, 97169);
INSERT INTO `PACKAGE` (`package_id`, `container_id`) VALUES (4178, 97999);
INSERT INTO `PACKAGE` (`package_id`, `container_id`) VALUES (1064, 98459);
INSERT INTO `PACKAGE` (`package_id`, `container_id`) VALUES (8409, 98626);
INSERT INTO `PACKAGE` (`package_id`, `container_id`) VALUES (1710, 99714);
INSERT INTO `PACKAGE` (`package_id`, `container_id`) VALUES (3850, 99864);


INSERT INTO `DELIVERY` (`sender_id`, `receiver_id` , `container_id`) VALUES (3219, 9261, 96017);
INSERT INTO `DELIVERY` (`sender_id`, `receiver_id` , `container_id`) VALUES (3280, 9388, 96916);
INSERT INTO `DELIVERY` (`sender_id`, `receiver_id` , `container_id`) VALUES (3302, 9446, 97169);
INSERT INTO `DELIVERY` (`sender_id`, `receiver_id` , `container_id`) VALUES (3334, 9563, 97999);
INSERT INTO `DELIVERY` (`sender_id`, `receiver_id` , `container_id`) VALUES (3682, 9627, 98459);
INSERT INTO `DELIVERY` (`sender_id`, `receiver_id` , `container_id`) VALUES (3820, 9740, 98626);
INSERT INTO `DELIVERY` (`sender_id`, `receiver_id` , `container_id`) VALUES (3965, 9778, 99714);
INSERT INTO `DELIVERY` (`sender_id`, `receiver_id` , `container_id`) VALUES (3988, 9840, 99864);

INSERT INTO `DELIVERY_STATUS` (`container_id`, `bg_time`) VALUES (96017, '2020-09-01 12:30:00.000');
INSERT INTO `DELIVERY_STATUS` (`container_id`, `bg_time`) VALUES (96916, '2020-09-02 12:30:00.000');
INSERT INTO `DELIVERY_STATUS` (`container_id`, `bg_time`) VALUES (97169, '2020-09-02 12:30:00.000');
INSERT INTO `DELIVERY_STATUS` (`container_id`, `bg_time`) VALUES (97999, '2020-09-03 12:30:00.000');
INSERT INTO `DELIVERY_STATUS` (`container_id`, `bg_time`) VALUES (98459, '2020-09-05 12:30:00.000');
INSERT INTO `DELIVERY_STATUS` (`container_id`, `bg_time`) VALUES (98626, '2020-09-06 12:30:00.000');
INSERT INTO `DELIVERY_STATUS` (`container_id`, `bg_time`) VALUES (99714, '2020-09-06 12:30:00.000');
INSERT INTO `DELIVERY_STATUS` (`container_id`, `bg_time`) VALUES (99864, '2020-09-07 12:30:00.000');

INSERT INTO `TRANSIT` (`container_id`, `bee_id`) VALUES (96017,1064); 
INSERT INTO `TRANSIT` (`container_id`, `bee_id`) VALUES (96916,1123); 
INSERT INTO `TRANSIT` (`container_id`, `bee_id`) VALUES (97169,1146); 
INSERT INTO `TRANSIT` (`container_id`, `bee_id`) VALUES (97999,1172); 

INSERT INTO `DOCKED` (`container_id`, `hive_id`) VALUES (98459,20988); 
INSERT INTO `DOCKED` (`container_id`, `hive_id`) VALUES (98626,24010); 
INSERT INTO `DOCKED` (`container_id`, `hive_id`) VALUES (99714,37654); 
INSERT INTO `DOCKED` (`container_id`, `hive_id`) VALUES (99864,43596); 
